{
  "package_name": "High-End Specialized Algorithms, Functions & Equations",
  "version": "1.0.0",
  "created_date": "2025-09-09T16:32:46.921314",
  "description": "Premium collection of advanced algorithms, functions, and equations for AI, Finance, DeFi, Coding, and Science",
  "author": "Nibert Investments LLC",
  "license": "MIT",
  "categories": {
    "algorithms": [
      {
        "file": "advanced_monte_carlo_tree_search.py",
        "title": "",
        "description": "",
        "size_bytes": 19320
      },
      {
        "file": "automated_market_maker.py",
        "title": "",
        "description": "",
        "size_bytes": 17839
      },
      {
        "file": "fast_fourier_transform.py",
        "title": "",
        "description": "",
        "size_bytes": 20651
      },
      {
        "file": "variational_autoencoder.py",
        "title": "",
        "description": "",
        "size_bytes": 21340
      },
      {
        "file": "transformer_attention_mechanism.py",
        "title": "",
        "description": "",
        "size_bytes": 18552
      },
      {
        "file": "genetic_algorithm_adaptive.py",
        "title": "",
        "description": "",
        "size_bytes": 24109
      },
      {
        "file": "quantum_annealing_optimization.py",
        "title": "",
        "description": "",
        "size_bytes": 12668
      }
    ],
    "functions": [
      {
        "file": "yield_curve_construction.py",
        "size_bytes": 23870
      },
      {
        "file": "advanced_options_pricing.py",
        "size_bytes": 22949
      },
      {
        "file": "neural_network_activations.py",
        "size_bytes": 22810
      },
      {
        "file": "portfolio_risk_management.py",
        "size_bytes": 19513
      },
      {
        "file": "cryptographic_hash_functions.py",
        "size_bytes": 23539
      }
    ],
    "equations": [
      {
        "file": "capital_asset_pricing_model.py",
        "size_bytes": 20946
      },
      {
        "file": "modern_portfolio_theory.py",
        "size_bytes": 24357
      },
      {
        "file": "black_scholes_merton_pde.py",
        "size_bytes": 20077
      }
    ],
    "implementations": [
      {
        "language": "javascript",
        "file": "advanced_monte_carlo_tree_search.js",
        "size_bytes": 14688
      },
      {
        "language": "java",
        "file": "PortfolioRiskManager.java",
        "size_bytes": 20796
      }
    ],
    "examples": [],
    "documentation": []
  },
  "statistics": {
    "total_files": 39,
    "total_size_bytes": 778546,
    "algorithms_count": 7,
    "functions_count": 5,
    "equations_count": 3,
    "languages_supported": [
      "python",
      "javascript",
      "rust",
      "go",
      "cpp",
      "typescript",
      "java"
    ],
    "total_lines_of_code": 21484
  },
  "requirements": {
    "python": ">=3.8",
    "packages": [
      "numpy",
      "scipy",
      "pandas",
      "matplotlib"
    ]
  },
  "usage_examples": [
    "Portfolio optimization with quantum annealing",
    "Neural network activation function analysis",
    "Options pricing with Black-Scholes PDE",
    "DeFi AMM liquidity pool optimization",
    "Monte Carlo Tree Search for game AI"
  ]
}